[
    {
        "key": "group_metanord_company_info",
        "title": "Company Information",
        "fields": [
            {
                "key": "field_company_name",
                "label": "Company Name",
                "name": "company_name",
                "type": "text",
                "instructions": "Enter your company name",
                "required": 1,
                "default_value": "MetaNord OÜ"
            },
            {
                "key": "field_registry_code",
                "label": "Registry Code",
                "name": "registry_code",
                "type": "text",
                "instructions": "Enter your company registry code",
                "required": 0,
                "default_value": "17235227"
            },
            {
                "key": "field_company_address",
                "label": "Address",
                "name": "company_address",
                "type": "textarea",
                "instructions": "Enter your company address",
                "required": 0,
                "default_value": "Tornimäe tn 5, 10145 Tallinn, Estonia",
                "rows": 3
            },
            {
                "key": "field_company_phone",
                "label": "Phone Number",
                "name": "company_phone",
                "type": "text",
                "instructions": "Enter your company phone number",
                "required": 0,
                "default_value": "+372 5771 3442"
            },
            {
                "key": "field_company_email",
                "label": "Email Address",
                "name": "company_email",
                "type": "email",
                "instructions": "Enter your company email address",
                "required": 0,
                "default_value": "info@metanord.eu"
            },
            {
                "key": "field_company_website",
                "label": "Website",
                "name": "company_website",
                "type": "url",
                "instructions": "Enter your company website URL",
                "required": 0,
                "default_value": "www.metanord.eu"
            },
            {
                "key": "field_google_maps",
                "label": "Google Maps Embed",
                "name": "google_maps_embed",
                "type": "textarea",
                "instructions": "Paste the Google Maps embed code here",
                "required": 0
            }
        ],
        "location": [
            [
                {
                    "param": "options_page",
                    "operator": "==",
                    "value": "theme-general-settings"
                }
            ]
        ],
        "menu_order": 0,
        "position": "normal",
        "style": "default",
        "label_placement": "top",
        "instruction_placement": "label",
        "hide_on_screen": "",
        "active": true,
        "description": "",
        "show_in_rest": 0
    },
    {
        "key": "group_metanord_social_media",
        "title": "Social Media",
        "fields": [
            {
                "key": "field_facebook_url",
                "label": "Facebook URL",
                "name": "facebook_url",
                "type": "url",
                "instructions": "Enter your Facebook page URL",
                "required": 0
            },
            {
                "key": "field_twitter_url",
                "label": "Twitter URL",
                "name": "twitter_url",
                "type": "url",
                "instructions": "Enter your Twitter profile URL",
                "required": 0
            },
            {
                "key": "field_linkedin_url",
                "label": "LinkedIn URL",
                "name": "linkedin_url",
                "type": "url",
                "instructions": "Enter your LinkedIn page URL",
                "required": 0
            },
            {
                "key": "field_instagram_url",
                "label": "Instagram URL",
                "name": "instagram_url",
                "type": "url",
                "instructions": "Enter your Instagram profile URL",
                "required": 0
            },
            {
                "key": "field_youtube_url",
                "label": "YouTube URL",
                "name": "youtube_url",
                "type": "url",
                "instructions": "Enter your YouTube channel URL",
                "required": 0
            }
        ],
        "location": [
            [
                {
                    "param": "options_page",
                    "operator": "==",
                    "value": "theme-general-settings"
                }
            ]
        ],
        "menu_order": 10,
        "position": "normal",
        "style": "default",
        "label_placement": "top",
        "instruction_placement": "label",
        "hide_on_screen": "",
        "active": true,
        "description": "",
        "show_in_rest": 0
    },
    {
        "key": "group_metanord_hero_section",
        "title": "Hero Section",
        "fields": [
            {
                "key": "field_hero_title",
                "label": "Hero Title",
                "name": "hero_title",
                "type": "text",
                "instructions": "Enter the main title for the hero section",
                "required": 0,
                "default_value": "European Infrastructure"
            },
            {
                "key": "field_hero_title_highlight",
                "label": "Hero Title Highlight",
                "name": "hero_title_highlight",
                "type": "text",
                "instructions": "Enter the highlighted portion of the title",
                "required": 0,
                "default_value": "Solutions"
            },
            {
                "key": "field_hero_subtitle",
                "label": "Hero Subtitle",
                "name": "hero_subtitle",
                "type": "textarea",
                "instructions": "Enter the subtitle for the hero section",
                "required": 0,
                "default_value": "Premium aluminum profiles and infrastructure products for European and international markets",
                "rows": 3
            },
            {
                "key": "field_hero_tagline",
                "label": "Hero Tagline",
                "name": "hero_tagline",
                "type": "text",
                "instructions": "Enter the tagline for the hero section",
                "required": 0,
                "default_value": "Engineering a Stronger Tomorrow"
            },
            {
                "key": "field_hero_background",
                "label": "Hero Background Image",
                "name": "hero_background",
                "type": "image",
                "instructions": "Upload a background image for the hero section",
                "required": 0,
                "return_format": "array",
                "preview_size": "medium",
                "library": "all"
            }
        ],
        "location": [
            [
                {
                    "param": "page_template",
                    "operator": "==",
                    "value": "front-page.php"
                }
            ],
            [
                {
                    "param": "page_type",
                    "operator": "==",
                    "value": "front_page"
                }
            ]
        ],
        "menu_order": 0,
        "position": "normal",
        "style": "default",
        "label_placement": "top",
        "instruction_placement": "label",
        "hide_on_screen": "",
        "active": true,
        "description": "",
        "show_in_rest": 0
    },
    {
        "key": "group_metanord_product_categories",
        "title": "Product Categories",
        "fields": [
            {
                "key": "field_products_title",
                "label": "Section Title",
                "name": "products_title",
                "type": "text",
                "instructions": "Enter the title for the products section",
                "required": 0,
                "default_value": "Our"
            },
            {
                "key": "field_products_title_highlight",
                "label": "Section Title Highlight",
                "name": "products_title_highlight",
                "type": "text",
                "instructions": "Enter the highlighted portion of the title",
                "required": 0,
                "default_value": "Catalog"
            },
            {
                "key": "field_products_subtitle",
                "label": "Section Subtitle",
                "name": "products_subtitle",
                "type": "textarea",
                "instructions": "Enter the subtitle for the products section",
                "required": 0,
                "default_value": "Explore our range of high-quality infrastructure and industrial products",
                "rows": 2
            },
            {
                "key": "field_product_categories",
                "label": "Product Categories",
                "name": "product_categories",
                "type": "repeater",
                "instructions": "Add product categories",
                "required": 0,
                "min": 0,
                "max": 0,
                "layout": "block",
                "button_label": "Add Category",
                "sub_fields": [
                    {
                        "key": "field_product_category_title",
                        "label": "Title",
                        "name": "title",
                        "type": "text",
                        "instructions": "Enter the category title",
                        "required": 1
                    },
                    {
                        "key": "field_product_category_description",
                        "label": "Description",
                        "name": "description",
                        "type": "textarea",
                        "instructions": "Enter the category description",
                        "required": 1,
                        "rows": 3
                    },
                    {
                        "key": "field_product_category_image",
                        "label": "Image",
                        "name": "image",
                        "type": "image",
                        "instructions": "Upload a category image",
                        "required": 0,
                        "return_format": "array",
                        "preview_size": "medium",
                        "library": "all"
                    },
                    {
                        "key": "field_product_category_link",
                        "label": "Link",
                        "name": "link",
                        "type": "page_link",
                        "instructions": "Select a page or enter a custom URL",
                        "required": 0,
                        "post_type": [
                            "page"
                        ],
                        "allow_null": 0,
                        "multiple": 0
                    }
                ]
            }
        ],
        "location": [
            [
                {
                    "param": "page_template",
                    "operator": "==",
                    "value": "front-page.php"
                }
            ],
            [
                {
                    "param": "page_type",
                    "operator": "==",
                    "value": "front_page"
                }
            ],
            [
                {
                    "param": "page_template",
                    "operator": "==",
                    "value": "page-templates/page-products.php"
                }
            ]
        ],
        "menu_order": 10,
        "position": "normal",
        "style": "default",
        "label_placement": "top",
        "instruction_placement": "label",
        "hide_on_screen": "",
        "active": true,
        "description": "",
        "show_in_rest": 0
    },
    {
        "key": "group_metanord_contact_page",
        "title": "Contact Page Settings",
        "fields": [
            {
                "key": "field_contact_form_shortcode",
                "label": "Contact Form Shortcode",
                "name": "contact_form_shortcode",
                "type": "text",
                "instructions": "Enter the Contact Form 7 shortcode",
                "required": 0,
                "placeholder": "[contact-form-7 id=\"123\" title=\"Contact Form\"]"
            },
            {
                "key": "field_google_maps_embed",
                "label": "Google Maps Embed",
                "name": "google_maps_embed",
                "type": "textarea",
                "instructions": "Paste the Google Maps embed code",
                "required": 0,
                "rows": 4
            }
        ],
        "location": [
            [
                {
                    "param": "page_template",
                    "operator": "==",
                    "value": "page-templates/page-contact.php"
                }
            ]
        ],
        "menu_order": 0,
        "position": "normal",
        "style": "default",
        "label_placement": "top",
        "instruction_placement": "label",
        "hide_on_screen": "",
        "active": true,
        "description": "",
        "show_in_rest": 0
    }
]